<?xml version="1.0" encoding="ISO-8859-1" standalone="no" ?> 
<!DOCTYPE Policies SYSTEM "../dtd/accesscontrolpolicies.dtd">

<Policies>
	<Action Name="AjaxAvalaraTestConnection" CommandName="AjaxAvalaraTestConnection">
	</Action>
	<Action Name="ExecuteCommand" CommandName="Execute">
	</Action>

	<ResourceCategory
		Name="com.ac.commerce.usermanagement.commands.ACAvalaraTestConnectionCmdResourceCategory"
		ResourceBeanClass="com.ac.commerce.usermanagement.commands.ACAvalaraTestConnectionCmd">
		<ResourceAction Name="ExecuteCommand" />
	</ResourceCategory>

	<ResourceGroup Name="AllSiteUserCmdResourceGroup" OwnerID="RootOrganization">
		<ResourceGroupResource Name="com.ac.commerce.usermanagement.commands.ACAvalaraTestConnectionCmdResourceCategory" />		
	</ResourceGroup>
	
	<ActionGroup Name="AllSiteUsersViews" OwnerID="RootOrganization">
		<ActionGroupAction name="AjaxAvalaraTestConnection"/>
	</ActionGroup>
	
	<ResourceCategory
		Name="com.ac.commerce.usermanagement.commands.ACAvalaraAddressVerificationCmdResourceCategory"
		ResourceBeanClass="com.ac.commerce.usermanagement.commands.ACAvalaraAddressVerificationCmd">
		<ResourceAction Name="ExecuteCommand" />
	</ResourceCategory>

	<ResourceGroup Name="AllSiteUserCmdResourceGroup"
		OwnerID="RootOrganization">
		<ResourceGroupResource
			Name="com.ac.commerce.usermanagement.commands.ACAvalaraAddressVerificationCmdResourceCategory" />
	</ResourceGroup>
	
	<ResourceCategory
		Name="com.hcl.commerce.tax.avalara.commands.ACAvaTaxSettingsCmdResourceCategory"
		ResourceBeanClass="com.hcl.commerce.tax.avalara.commands.ACAvaTaxSettingsCmd">
		<ResourceAction Name="ExecuteCommand" />
	</ResourceCategory>

	<ResourceGroup Name="AllSiteUserCmdResourceGroup"
		OwnerID="RootOrganization">
		<ResourceGroupResource
			Name="com.hcl.commerce.tax.avalara.commands.ACAvaTaxSettingsCmdResourceCategory" />
	</ResourceGroup>
</Policies>

