<?xml version="1.0" encoding="UTF-8"?>

<Definitions>
	<PropertyPane definitionName="cmc/catalog/AvalaraHTSCodesPane">
	    <dependency localName="catalogResources" moduleName="cmc/catalog/CatalogResources"/>
		<dependency localName="ExtCatalogResources" moduleName="cmc/catalog/ExtCatalogResources"/>
		<!--
			Property Group: A properties group to display non-dictionary descriptive attributes for a catalog entry.

			ATTRIBUTE DICTIONARY CUSTOMIZATION POINT: comment out the property group below if creating
			non-dictionary attributes is desired.
		-->
		<PropertyGroup collapsable="false" name="catCatalogEntryAvalaraHTSCodesPropertyGroup">
			<!--
				Enable if the product has classic descriptive attributes or
				the store does not use an attribute dictionary.
			-->
			<EnablementOrCondition>
				<EnablementCondition conditionId="StoreUsesDictionary" contextName="attributeDictionaryEnabledForStore" enablementValue="enabled" negate="true"/>
				<ProductHasClassicDescriptiveAttributesEnablementCondition package="cmc/catalog"/>
			</EnablementOrCondition>
			<!--
				An instantiation of a definition which contains a Child List Editor to display non-dictionary descriptive attributes.
			-->
			<PropertyChildListEditor baseDefinition="cmc/catalog/AvalaraHTSCodeList"/>
		</PropertyGroup>
		<!--
			Property Group: A properties group to display dictionary descriptive attributes for a product.
		-->
		<PropertyGroup collapsable="false" name="catCatalogEntryDictionaryAvalaraHTSCodesPropertyGroup">
			<!--
				Enable if the store uses an attribute dictionary.
			-->
			<EnablementCondition conditionId="attributeDictionaryIsEnabledCondition" contextName="attributeDictionaryEnabledForStore" enablementValue="enabled"/>
			<!--
				An instantiation of a definition which contains a Child List Editor to display dictionary descriptive attributes.
			-->
			<PropertyChildListEditor baseDefinition="cmc/catalog/AvalaraHTSCodeList"/>
		</PropertyGroup>
	</PropertyPane>
	<PropertyPane definitionName="cmc/catalog/AvalaraCatalogEntryDescriptiveAttributes">
		<!--
			Property Group: A properties group to display non-dictionary descriptive attributes for a catalog entry.

			ATTRIBUTE DICTIONARY CUSTOMIZATION POINT: comment out the property group below if creating
			non-dictionary attributes is desired.
		-->
		<PropertyGroup collapsable="false" name="catCatalogEntryDescriptiveAttributesPropertyGroup">
			<!--
				Enable if the product has classic descriptive attributes or
				the store does not use an attribute dictionary.
			-->
			<EnablementOrCondition>
				<EnablementCondition conditionId="StoreUsesDictionary" contextName="attributeDictionaryEnabledForStore" enablementValue="enabled" negate="true"/>
				<ProductHasClassicDescriptiveAttributesEnablementCondition package="cmc/catalog"/>
			</EnablementOrCondition>
			<!--
				An instantiation of a definition which contains a Child List Editor to display non-dictionary descriptive attributes.
			-->
			<PropertyChildListEditor baseDefinition="cmc/catalog/CatalogEntryDescriptiveAttributeList"/>
		</PropertyGroup>
		<!--
			Property Group: A properties group to display dictionary descriptive attributes for a product.
		-->
		<PropertyGroup collapsable="false" name="catCatalogEntryDescriptiveDictionaryAttributesPropertyGroup">
			<!--
				Enable if the store uses an attribute dictionary.
			-->
			<EnablementCondition conditionId="attributeDictionaryIsEnabledCondition" contextName="attributeDictionaryEnabledForStore" enablementValue="enabled"/>
			<!--
				An instantiation of a definition which contains a Child List Editor to display dictionary descriptive attributes.
			-->
			<PropertyChildListEditor baseDefinition="cmc/catalog/AvalaraCatalogEntryAttrDictDescriptiveAttributeList"/>
		</PropertyGroup>
	</PropertyPane>
</Definitions>