<?xml version="1.0" encoding="UTF-8"?>

<!--
 =================================================================
  Licensed Materials - Property of IBM

  WebSphere Commerce

  (C) Copyright IBM Corp. 2015 All Rights Reserved.

  US Government Users Restricted Rights - Use, duplication or
  disclosure restricted by GSA ADP Schedule Contract with
  IBM Corp.
 =================================================================
-->
<Definitions>
	<StorePrimaryObjectDefinition copyProtected="true" creatable="false" definitionName="cmc/store/StoreFrontStore" displayNameProperty="storeIdentifier" headerIcon="directStoreHeaderIcon" helpLink="tasks/tstupdatestoreprofile.htm" icon="directStoreIcon" idProperty="storeId" isBaseDefinition="true" objectType="StoreFrontStore" package="cmc/store" propertiesDefinition="cmc/store/StoreProperties"  searchType="FindStoreEntries">
		<dependency localName="storeResources" moduleName="cmc/store/StoreResources"/>

		<!--  Begin Avalara code -->
		<dependency localName="ExtStoreResources" moduleName="cmc/store/ExtStoreResources"/>
		<dependency localName="avataxProperties" moduleName="cmc/store/avataxProperties"/>

		<!---
			Property Definition for the Avatax properties.
		-->
		
		
		
		
		
		<GetChildrenService objectTypes="TaxCountry" url="/cmc/GetStoreChildren-TaxCountries">
			<ServiceParam name="storeId" propertyName="storeId"/>
		</GetChildrenService>
		<GetChildrenService objectTypes="AddrCountry" url="/cmc/GetStoreChildren-AddrCountries">
			<ServiceParam name="storeId" propertyName="storeId"/>
		</GetChildrenService>
		
		<GetChildrenService objectTypes="DdpCountry" url="/cmc/GetStoreChildren-DdpCountries">
			<ServiceParam name="storeId" propertyName="storeId"/>
		</GetChildrenService>		
		<GetChildrenService objectTypes="DapCountry" url="/cmc/GetStoreChildren-DapCountries">
			<ServiceParam name="storeId" propertyName="storeId"/>
		</GetChildrenService>		
				
		<ChildObjectDefinition idProperty="x_taxcountries" objectType="TaxCountry">
			<CountriesPropertyDefinition propertyName="x_taxcountries" />
		</ChildObjectDefinition>
		
		<ChildObjectDefinition idProperty="x_addrountries" objectType="AddrCountry">
			<CountriesPropertyDefinition propertyName="x_addrountries" />
		</ChildObjectDefinition>
		
		<ChildObjectDefinition idProperty="x_ddpcountries" objectType="DdpCountry">
			<CountriesPropertyDefinition propertyName="x_ddpcountries" />
		</ChildObjectDefinition>
		<ChildObjectDefinition idProperty="x_dapcountries" objectType="DapCountry">
			<CountriesPropertyDefinition propertyName="x_dapcountries" />
		</ChildObjectDefinition>		
		
		
		
		<AvataxUrlsPropertyDefinition propertyName="x_urltoconnect"/>
 		<PropertyDefinition propertyName="x_accnum">
 		</PropertyDefinition>
 		<AvalaraCompanyCodesDefinition propertyName="x_companycode"/> 		
 		<PropertyDefinition propertyName="x_authkey">
 		</PropertyDefinition>
 		<PropertyDefinition propertyName="x_tiomeout" maxValue="2147483647" minValue="1" type="integer">
			<PropertyValue value="${avataxProperties.TIMEOUT_REQUEST}" isDefault="true"/>
 		</PropertyDefinition>

		<PropertyDefinition propertyName="x_taxcalculationmode" type="String">
 			<PropertyValue displayName="${ExtStoreResources.avataxProperties_TaxCalculationModePropValDisableLabel}" value="DISABLE" isDefault="true"/>
			<PropertyValue displayName="${ExtStoreResources.avataxProperties_TaxCalculationModePropValEnableWithoutTaxLabel}" value="ENABLE_WITHOUT_TAX"/>
			<PropertyValue displayName="${ExtStoreResources.avataxProperties_TaxCalculationModePropValEnableWithTaxLabel}" value="ENABLE_WITH_TAX"/>
 		</PropertyDefinition>
		<PropertyDefinition propertyName="x_defaulttax" maxValue="100" minValue="0" type="number">
			<PropertyValue value="${avataxProperties.DEFAULT_TAX_RATE}" isDefault="true"/>
		</PropertyDefinition>
		<PropertyDefinition propertyName="x_behavioronerror" type="String">
 			<PropertyValue displayName="${ExtStoreResources.avataxProperties_BehaviorOnErrorPropValDontAllowLabel}" value="DONTALLOW" isDefault="true"/>
			<PropertyValue displayName="${ExtStoreResources.avataxProperties_BehaviorOnErrorPropValAllowTax0Label}" value="ALLOWTAX0"/>
			<PropertyValue displayName="${ExtStoreResources.avataxProperties_BehaviorOnErrorPropValSetDefaultTaxLabel}" value="SETDEFAULTTAX"/>
 		</PropertyDefinition>
		<PropertyDefinition propertyName="x_addrvalidationplaces" >
			<PropertyValue displayName="${ExtStoreResources.avataxProperties_AddrValidationOnRegPageLabel}" value="REGPAGE"/>
			<PropertyValue displayName="${ExtStoreResources.avataxProperties_AddrValidatioMyAccLabel}" value="MY_ACCOUNT"/>
			<PropertyValue displayName="${ExtStoreResources.avataxProperties_ValidationQPLabel}" value="QP"/>
			<PropertyValue displayName="${ExtStoreResources.avataxProperties_AddrValidationOnCheckoutLabel}" value="CHECKOUT"/>
		</PropertyDefinition>
 		<PropertyDefinition propertyName="x_translogkeephours">
			<PropertyValue value="${avataxProperties.DEFAULT_LOG_KEEP_HOURS}" isDefault="true"/>
 		</PropertyDefinition>
		<PropertyDefinition propertyName="x_logrequesttypes" >
			<PropertyValue displayName="${ExtStoreResources.avataxProperties_PingRequest}" value="PING"/>
			<PropertyValue displayName="${ExtStoreResources.avataxProperties_ValidateAddressRequest}" value="VALIDATE_ADDRESS"/>
			<PropertyValue displayName="${ExtStoreResources.avataxProperties_CalculateTaxesRequest}" value="CALCULATE_TAXES"/>
			<PropertyValue displayName="${ExtStoreResources.avataxProperties_RecordTaxesRequest}" value="RECORD_TAXES"/>
			<PropertyValue displayName="${ExtStoreResources.avataxProperties_CancelTaxesRequest}" value="CANCEL_TAXES"/>
		</PropertyDefinition>		
		<!--  End Avalara code -->
		<!---
			Property Definition for the isCatalogOverrideEnabled property.
		-->
		<PropertyDefinition propertyName="x_isCatalogOverrideEnabled" send="false"/>
		<RefreshService url="/cmc/RefreshStoreById">
			<ServiceParam name="storeId" propertyName="storeId"/>
		</RefreshService>
		<UpdateService package="cmc/store" sendAll="true" sendMultiValues="true" url="/cmc/UpdateStoreAva">
			<ServiceParam name="storeId" propertyName="storeId"/>
			<ServiceParam name="supportedCurrencies" objectPath="StoreCurrency" optional="true" propertyName="currency"/>
			<ServiceParam name="supportedLanguages" objectPath="StoreLanguage" optional="true" propertyName="language"/>
			<ServiceParam name="x_taxcountries" objectPath="TaxCountry" optional="true" propertyName="x_taxcountries"/>
			<ServiceParam name="x_addrountries" objectPath="AddrCountry" optional="true" propertyName="x_addrountries"/>
			<ServiceParam name="x_dapcountries" objectPath="DapCountry" optional="true" propertyName="x_dapcountries"/>
			<ServiceParam name="x_ddpcountries" objectPath="DdpCountry" optional="true" propertyName="x_ddpcountries"/>
		</UpdateService>
		<GetChildrenService objectTypes="StoreDescription" url="/cmc/GetStoreChildren-LanguageDescriptions">
			<ServiceParam name="storeId" propertyName="storeId"/>
		</GetChildrenService>
		<GetChildrenService objectTypes="StoreContactInformation" url="/cmc/GetStoreChildren-ContactInfo">
			<ServiceParam name="storeId" propertyName="storeId"/>
		</GetChildrenService>
		<GetChildrenService objectTypes="StoreLocationInformation" url="/cmc/GetStoreChildren-LocationInfo">
			<ServiceParam name="storeId" propertyName="storeId"/>
		</GetChildrenService>
		<GetChildrenService objectTypes="StoreFlow" url="/cmc/GetStoreChildren-Flow">
			<ServiceParam name="storeId" propertyName="storeId"/>
		</GetChildrenService>
		<GetChildrenService objectTypes="StoreFileRef" url="/cmc/GetStoreChildren-FileRefs">
			<ServiceParam name="storeId" propertyName="storeId"/>
		</GetChildrenService>
		<GetChildrenService objectTypes="StoreCurrency" url="/cmc/GetStoreChildren-Currencies">
			<ServiceParam name="storeId" propertyName="storeId"/>
		</GetChildrenService>
		<GetChildrenService objectTypes="StoreLanguage" url="/cmc/GetStoreChildren-Languages">
			<ServiceParam name="storeId" propertyName="storeId"/>
		</GetChildrenService>
		<GetChildrenService objectTypes="StoreStaticPages" url="/cmc/GetStoreChildren-StaticPages">
			<ServiceParam name="storeId" propertyName="storeId"/>
		</GetChildrenService>
		<GetChildrenService objectTypes="StoreSEO" url="/cmc/GetStoreChildren-SEO">
			<ServiceParam name="storeId" propertyName="storeId"/>
		</GetChildrenService>
		<!--- Opens the store -->
		<CustomService displayName="${storeResources.stateOpenAction}" toolbarIcon="openStoreButton" url="/cmc/OpenStore">
			<EnablementAndCondition conditionId="openCondition">
				<EnablementCondition conditionId="closedState" enablementValue="closed" propertyName="state"/>
				<EnablementOrCondition baseDefinition="cmc/store/StorefrontStoreEnablementCondition" conditionId="storefrontStore"/>
			</EnablementAndCondition>
			<ServiceParam name="storeId" propertyName="storeId"/>
		</CustomService>
		<!--- Closes the store -->
		<CustomService displayName="${storeResources.stateClosedAction}" toolbarIcon="closeStoreButton" url="/cmc/CloseStore">
			<EnablementAndCondition conditionId="closeCondition">
				<EnablementCondition conditionId="openState" enablementValue="open" propertyName="state"/>
				<EnablementOrCondition baseDefinition="cmc/store/StorefrontStoreEnablementCondition" conditionId="storefrontStore"/>
			</EnablementAndCondition>
			<ServiceParam name="storeId" propertyName="storeId"/>
		</CustomService>
		<PropertyDefinition displayName="${storeResources.stateLabel}" propertyName="state">
			<PropertyValue displayName="${storeResources.stateOpen}" icon="storeOpenIcon" value="open"/>
			<PropertyValue displayName="${storeResources.stateClosed}" icon="storeClosedIcon" value="closed"/>
			<PropertyValue displayName="${storeResources.stateSuspended}" icon="storeSuspendedIcon" value="suspended"/>
		</PropertyDefinition>
		<ChildObjectDefinition idProperty="languageId" languageSensitive="true" objectType="StoreDescription" releaseWhenClosed="false">
			<UpdateService url="/cmc/UpdateStoreChildren-LanguageDescription">
				<ServiceParam name="languageId" propertyName="languageId"/>
				<ServiceParam name="storeId" parentProperty="true" propertyName="storeId"/>
			</UpdateService>
			<CreateService url="/cmc/CreateStoreChildren-LanguageDescription">
				<ServiceParam name="languageId" propertyName="languageId"/>
				<ServiceParam name="storeId" parentProperty="true" propertyName="storeId"/>
			</CreateService>
		</ChildObjectDefinition>
		<ChildObjectDefinition baseDefinition="cmc/store/StoreContactInformation"/>
		<ChildObjectDefinition baseDefinition="cmc/store/StoreLocationInformation"/>
		<!-- Store Currency object definitions and validators -->
		<UniqueValueForChildObjectPropertyValidator errorMessage="${storeResources.duplicateCurrencies}" objectPath="StoreCurrency" propertyName="currency" validatorId="stoUniqueValidator"/>
		<RequiredSpecificValueForChildObjectPropertyValidator errorMessage="${storeResources.defaultCurrency}" objectPath="StoreCurrency" propertyName="default" propertyValues="true" validatorId="stoSpecificValueForCurrencyValidator">
			<EnablementOrCondition baseDefinition="cmc/store/StorefrontStoreEnablementCondition" conditionId="storefrontStore"/>
		</RequiredSpecificValueForChildObjectPropertyValidator>
		<RequiredChildObjectValidator errorMessage="${storeResources.defaultCurrency}" objectPath="StoreCurrency" validatorId="stoCurrencyExistsValidator">
			<EnablementOrCondition baseDefinition="cmc/store/StorefrontStoreEnablementCondition" conditionId="storefrontStore"/>
		</RequiredChildObjectValidator>
		<StoreDefaultPropertyValidator objectPath="StoreCurrency" package="cmc/store" propertyName="default" propertyValues="true" updatedPropertyName="defaultCurrency" validatorId="stoDefaultValueForCurrencyValidator"/>
		<ChildObjectDefinition idProperty="currency" objectType="StoreCurrency">
			<CurrencyPropertyDefinition forceParentValidation="true" propertyName="currency"/>
			<PropertyDefinition forceParentValidation="true" propertyName="default" send="false"/>
			<StorePropertiesValidator defaultPropertyName="default" objectPath="StoreCurrency" package="cmc/store" updatedPropertyName="defaultCurrency" validatorId="stoPropertiesCurrencyValidator" valuePropertyName="currency"/>
			<EnablementOrCondition>
				<EnablementOrCondition baseDefinition="cmc/store/StorefrontStoreEnablementCondition" conditionId="storefrontStore"/>
				<EnablementCondition checkObjectDefinition="true" conditionId="catAssetStore" enablementValue="CatAssetStore" propertyName="objectType"/>
			</EnablementOrCondition>
		</ChildObjectDefinition>
		<!-- Store Language object definitions and validators -->
		<UniqueValueForChildObjectPropertyValidator errorMessage="${storeResources.duplicateLanguages}" objectPath="StoreLanguage" propertyName="language" validatorId="stoUniqueValidator"/>
		<RequiredSpecificValueForChildObjectPropertyValidator errorMessage="${storeResources.defaultLanguage}" objectPath="StoreLanguage" propertyName="default" propertyValues="true" validatorId="stoSpecificValueForLanguageValidator">
			<EnablementOrCondition baseDefinition="cmc/store/StorefrontStoreEnablementCondition" conditionId="storefrontStore"/>
		</RequiredSpecificValueForChildObjectPropertyValidator>
		<RequiredChildObjectValidator errorMessage="${storeResources.defaultLanguage}" objectPath="StoreLanguage" validatorId="stoLanguageExistsValidator">
			<EnablementOrCondition baseDefinition="cmc/store/StorefrontStoreEnablementCondition" conditionId="storefrontStore">
				<EnablementCondition checkObjectDefinition="true" conditionId="assetStore" enablementValue="AssetStore" propertyName="objectType"/>
				<EnablementCondition checkObjectDefinition="true" conditionId="catAssetStore" enablementValue="CatAssetStore" propertyName="objectType"/>
			</EnablementOrCondition>
		</RequiredChildObjectValidator>
		<StoreDefaultPropertyValidator objectPath="StoreLanguage" package="cmc/store" propertyName="default" propertyValues="true" updatedPropertyName="defaultLanguage" validatorId="stoDefaultValueForLanguageValidator"/>
		<ChildObjectDefinition idProperty="language" objectType="StoreLanguage">
			<LanguagePropertyDefinition forceParentValidation="true" package="cmc/store" propertyName="language" useLanguageId="true"/>
			<PropertyDefinition forceParentValidation="true" propertyName="default" send="false"/>
			<StorePropertiesValidator defaultPropertyName="default" objectPath="StoreLanguage" package="cmc/store" updatedPropertyName="defaultLanguage" validatorId="stoPropertiesLanguageValidator" valuePropertyName="language"/>
			<EnablementOrCondition baseDefinition="cmc/store/StorefrontStoreEnablementCondition" conditionId="storefrontStore">
				<EnablementCondition checkObjectDefinition="true" conditionId="assetStore" enablementValue="AssetStore" propertyName="objectType"/>
				<EnablementCondition checkObjectDefinition="true" conditionId="catAssetStore" enablementValue="CatAssetStore" propertyName="objectType"/>
			</EnablementOrCondition>
		</ChildObjectDefinition>
		<ChildObjectDefinition idProperty="uniqueId" objectGroups="ChildStoreFlowGroup" objectType="StoreFlow">
			<UpdateService url="/cmc/SaveChangeFlow">
				<ServiceParam name="storeId" parentProperty="true" propertyName="storeId"/>
				<ServiceParam name="emarketingSpotId" propertyName="emarketingSpotId"/>
				<ServiceParam name="uniqueId" propertyName="uniqueId"/>
				<ServiceParam name="contentId" optional="true" propertyName="enabled"/>
			</UpdateService>
		</ChildObjectDefinition>
		<ChildObjectDefinition idProperty="uniqueId" objectGroups="ChildStoreFlowGroup" objectType="StoreFileRef">
			<UpdateService url="/cmc/SaveChangeFlow">
				<ServiceParam name="storeId" parentProperty="true" propertyName="storeId"/>
				<ServiceParam name="emarketingSpotId" propertyName="emarketingSpotId"/>
				<ServiceParam name="uniqueId" propertyName="uniqueId"/>
				<ServiceParam name="contentId" optional="true" propertyName="url"/>
			</UpdateService>
		</ChildObjectDefinition>
		<ChildObjectDefinition baseDefinition="cmc/store/StoreStaticPages"/>
		<ChildObjectDefinition objectType="StoreSEO" singleInstance="true"/>
		<LaunchStoreCustomService package="cmc/store">
			<EnablementAndCondition conditionId="launchStoreCondition">
				<EnablementOrCondition baseDefinition="cmc/store/StorefrontStoreEnablementCondition" conditionId="storefrontStore"/>
				<!--
					The following enablement condition ensures that the Launch Store action does not appear Extended Sites Hub (HCP) stores,
					because by default, these stores do not have a storefront associated with them. Remove the enablement
					condition if your extended site hub does have a storefront to allow your business users to launch the store.
				-->
				<EnablementCondition conditionId="eSitesHubCondition" enablementValue="HCP" negate="true" propertyName="storeCategory"/>
			</EnablementAndCondition>
		</LaunchStoreCustomService>
	</StorePrimaryObjectDefinition>

	<ChildObjectDefinition definitionName="cmc/store/StoreContactInformation" baseDefinition="cmc/store/StoreAddressInformation" objectType="StoreContactInformation">
		<UpdateService sendMultiValues="true" url="/cmc/UpdateStoreChildren-ContactInfo">
			<ServiceParam name="languageId" propertyName="languageId"/>
			<ServiceParam name="storeId" parentProperty="true" propertyName="storeId"/>
			<ServiceParam name="uniqueId" propertyName="contactInfoId"/>
		</UpdateService>
		<CreateService sendMultiValues="true" url="/cmc/CreateStoreChildren-ContactInfo">
			<ServiceParam name="languageId" propertyName="languageId"/>
			<ServiceParam name="storeId" parentProperty="true" propertyName="storeId"/>
		</CreateService>
		<DeleteService url="/cmc/DeleteStoreChildren-ContactInfo">
			<ServiceParam name="languageId" propertyName="languageId"/>
			<ServiceParam name="storeId" parentProperty="true" propertyName="storeId"/>
		</DeleteService>
	</ChildObjectDefinition>

	<ChildObjectDefinition definitionName="cmc/store/StoreLocationInformation" baseDefinition="cmc/store/StoreAddressInformation" objectType="StoreLocationInformation">
		<UpdateService sendMultiValues="true" url="/cmc/UpdateStoreChildren-LocationInfo">
			<ServiceParam name="languageId" propertyName="languageId"/>
			<ServiceParam name="storeId" parentProperty="true" propertyName="storeId"/>
			<ServiceParam name="uniqueId" propertyName="contactInfoId"/>
		</UpdateService>
		<CreateService sendMultiValues="true" url="/cmc/CreateStoreChildren-LocationInfo">
			<ServiceParam name="languageId" propertyName="languageId"/>
			<ServiceParam name="storeId" parentProperty="true" propertyName="storeId"/>
		</CreateService>
		<DeleteService url="/cmc/DeleteStoreChildren-LocationInfo">
			<ServiceParam name="languageId" propertyName="languageId"/>
			<ServiceParam name="storeId" parentProperty="true" propertyName="storeId"/>
		</DeleteService>
	</ChildObjectDefinition>

	<ChildObjectDefinition definitionName="cmc/store/StoreAddressInformation" idProperty="languageId" languageSensitive="true" releaseWhenClosed="false" isBaseDefinition="true">
		<dependency localName="storeResources" moduleName="cmc/store/StoreResources"/>
		<CountriesPropertyDefinition displayName="${storeResources.countryLabel}" propertyName="country"/>
		<StateProvincesPropertyDefinition displayName="${storeResources.stateLabel}" propertyName="stateOrProvinceName">
			<PropertyValue displayName="${storeResources.noStateProvince}" isDefault="true" value=""/>
		</StateProvincesPropertyDefinition>
	</ChildObjectDefinition>

	<ChildObjectDefinition definitionName="cmc/store/StoreStaticPages" headerIcon="webpageHeaderIcon" icon="webpageGridIcon" idProperty="staticPageUsage" objectType="StoreStaticPages">
		<ChildObjectDefinition baseDefinition="cmc/store/StoreStaticPageDetails"/>
		<ChildObjectDefinition baseDefinition="cmc/store/InheritedStoreStaticPageDetails"/>
	</ChildObjectDefinition>

	<ChildObjectDefinition baseDefinition="cmc/store/BaseStoreStaticPageDetails" definitionName="cmc/store/StoreStaticPageDetails" objectType="StoreStaticPageDetails">
		<TrueEnablementCondition/>
	</ChildObjectDefinition>

	<ChildObjectDefinition baseDefinition="cmc/store/BaseStoreStaticPageDetails" definitionName="cmc/store/InheritedStoreStaticPageDetails" objectType="InheritedStoreStaticPageDetails">
		<EnablementCondition checkHasAccessRight="true" conditionId="accessRightCondition" enablementValue="true"/>
	</ChildObjectDefinition>

	<ChildObjectDefinition definitionName="cmc/store/BaseStoreStaticPageDetails" idProperty="languageId" isBaseDefinition="true" languageSensitive="true" releaseWhenClosed="false">
		<dependency localName="storeResources" moduleName="cmc/store/StoreResources"/>
		<CreateService url="/cmc/CreateStoreChildren-StaticPages">
			<ServiceParam name="objectStoreId" parameterName="objectStoreId" parentProperty="true" propertyName="storeId">
				<EnablementCondition checkObjectDefinition="true" conditionId="createStaticPageCondition" enablementValue="StoreStaticPageDetails" propertyName="objectType"/>
			</ServiceParam>
			<ServiceParam name="objectStoreIdForInherited" parameterName="objectStoreId" parentProperty="true" propertyName="objectStoreId" resolvePrimaryParent="false">
				<EnablementCondition checkObjectDefinition="true" conditionId="createInheritedStaticPageCondition" enablementValue="InheritedStoreStaticPageDetails" propertyName="objectType"/>
			</ServiceParam>
			<ServiceParam name="languageId" propertyName="languageId"/>
			<ServiceParam name="storeId" parentProperty="true" propertyName="storeId"/>
			<ServiceParam name="staticPageUsage" objectPath="StoreStaticPages" parentProperty="true" propertyName="staticPageUsage"/>
		</CreateService>
		<UpdateService url="/cmc/UpdateStoreChildren-StaticPages">
			<ServiceParam name="objectStoreId" parameterName="objectStoreId" propertyName="objectStoreId"/>
			<ServiceParam name="languageId" propertyName="languageId"/>
			<ServiceParam name="storeId" parentProperty="true" propertyName="storeId"/>
			<ServiceParam name="staticPageUsage" objectPath="StoreStaticPages" parentProperty="true" propertyName="staticPageUsage"/>
		</UpdateService>
		<!--- This property definition represents the URL keyword for the static page. -->
		<PropertyDefinition displayName="${storeResources.seoStaticPageUrlLabel}" maximumSize="254" propertyName="staticPageUrlkeyword" type="string">
			<PropertyStringValidator invalidCharacters="&amp;?=#/_ " validatorId="seoStaticPageUrlStringValidator"/>
		</PropertyDefinition>
	</ChildObjectDefinition>

	<StorePrimaryObjectDefinition baseDefinition="cmc/store/StoreFrontStore" definitionName="cmc/store/DirectStore" displayName="${storeResources.directStore}" headerIcon="directStoreHeaderIcon" icon="directStoreIcon" objectType="DirectStore" package="cmc/store">
		<dependency localName="storeResources" moduleName="cmc/store/StoreResources"/>
	</StorePrimaryObjectDefinition>

	<StorePrimaryObjectDefinition baseDefinition="cmc/store/StoreFrontStore" definitionName="cmc/store/AssetStore" displayName="${storeResources.assetStore}" headerIcon="assetStoreHeaderIcon" icon="assetStoreIcon" objectType="AssetStore" package="cmc/store">
		<dependency localName="storeResources" moduleName="cmc/store/StoreResources"/>
	</StorePrimaryObjectDefinition>

	<StorePrimaryObjectDefinition baseDefinition="cmc/store/StoreFrontStore" definitionName="cmc/store/EsiteStore" displayName="${storeResources.eSiteStore}" headerIcon="eSiteStoreHeaderIcon" icon="eSiteStoreIcon" objectType="EsiteStore" package="cmc/store">
		<dependency localName="storeResources" moduleName="cmc/store/StoreResources"/>
	</StorePrimaryObjectDefinition>

	<StorePrimaryObjectDefinition baseDefinition="cmc/store/StoreFrontStore" definitionName="cmc/store/HubStore" displayName="${storeResources.hubStore}" headerIcon="hubStoreHeaderIcon" icon="hubStoreIcon" objectType="HubStore" package="cmc/store">
		<dependency localName="storeResources" moduleName="cmc/store/StoreResources"/>
	</StorePrimaryObjectDefinition>

	<StorePrimaryObjectDefinition baseDefinition="cmc/store/StoreFrontStore" definitionName="cmc/store/CatAssetStore" displayName="${storeResources.catAssetStore}" headerIcon="catAssetStoreHeaderIcon" icon="catAssetStoreIcon" objectType="CatAssetStore" package="cmc/store">
		<dependency localName="storeResources" moduleName="cmc/store/StoreResources"/>
	</StorePrimaryObjectDefinition>

	<StorePrimaryObjectDefinition baseDefinition="cmc/store/StoreFrontStore" definitionName="cmc/store/AuxiliaryStore" displayName="${storeResources.auxiliaryStore}" headerIcon="auxStoreHeaderIcon" icon="auxStoreIcon" objectType="AuxiliaryStore" package="cmc/store">
		<dependency localName="storeResources" moduleName="cmc/store/StoreResources"/>
	</StorePrimaryObjectDefinition>
</Definitions>