﻿<?xml version="1.0" encoding="UTF-8"?>

<!--
 =================================================================
  Licensed Materials - Property of IBM

  WebSphere Commerce

  (C) Copyright IBM Corp. 2015 All Rights Reserved.

  US Government Users Restricted Rights - Use, duplication or
  disclosure restricted by GSA ADP Schedule Contract with
  IBM Corp.
 =================================================================
-->

<beans xmlns="http://www.springframework.org/schema/beans" xmlns:xsi="http://www.w3.org/2001/XMLSchema-instance" xsi:schemaLocation="http://www.springframework.org/schema/beans http://www.springframework.org/schema/beans/spring-beans.xsd">

	<!-- Begin Avalara code -->
	<bean id="/GetAvataxUrls" class="org.springframework.web.servlet.mvc.ParameterizableViewController">
		<property name="viewName" value="/jsp/commerce/foundation/GetAvataxUrls.jsp"/>
	</bean>
	<bean id="/GetCompanyCodes" class="com.ibm.commerce.foundation.internal.client.lobtools.controllers.ControllerCommandController">
		<property name="commandInterface" value="com.ac.commerce.managementcenter.commands.ACAvalaraRetrieveCompaniesCmd"/>		
		<property name="contextParameters">
			<props>
				<prop key="storeId">storeId</prop>
			</props>
		</property>
		<property name="successView" value="/jsp/commerce/foundation/GetCompanyCodes.jsp"/>
		<property name="errorView" value=""/>
		<property name="failureView" value=""/>
	</bean>
	
	<bean id="/AvalaraConnectivityService" class="com.ibm.commerce.foundation.internal.client.lobtools.controllers.ControllerCommandController">
	    <property name="commandInterface" value="com.ac.commerce.usermanagement.commands.ACAvalaraTestConnectionCmd"/>		
		<property name="contextParameters">
			<props>
				<prop key="storeId">storeId</prop>
			</props>
		</property>
		<property name="successView" value="/jsp/commerce/foundation/GetAvalaraConnectionResult.jsp"/>
		<property name="errorView" value=""/>
		<property name="failureView" value=""/>	    
	</bean>
	
	<bean id="/UpdateStoreAva" class="com.ac.commerce.foundation.client.facade.bod.servlet.spring.ACAvalaraBusinessObjectDocumentController">
		<property name="urlObject" value="OnlineStore"/>
		<property name="contextParameters">
			<props>
				<prop key="storeId">storeId</prop>
				<prop key="langId">langId</prop>
			</props>
		</property>
		<property name="verb" value="Change"/>
		<property name="documentRootFactory" value="com.ibm.commerce.infrastructure.facade.datatypes.InfrastructureFactory"/>
		<property name="clientLibrary" value="com.ibm.commerce.infrastructure.facade.client.InfrastructureFacadeClient"/>
		<property name="clientLibraryMethod" value="changeOnlineStore"/>
		<property name="actionCode" value="Change"/>
	</bean>		
	
	
	<!-- /LOBTools/WebContent/jsp/commerce/store/GetStoreChildren-TaxCountries.jsp -->
	<bean id="/GetStoreChildren-TaxCountries" class="org.springframework.web.servlet.mvc.ParameterizableViewController">
		<property name="viewName" value="/jsp/commerce/store/GetStoreChildren-TaxCountries.jsp"/>
	</bean>
		
	<!-- /LOBTools/WebContent/jsp/commerce/store/GetStoreChildren-TaxCountries.jsp -->
	<bean id="/GetStoreChildren-AddrCountries" class="org.springframework.web.servlet.mvc.ParameterizableViewController">
		<property name="viewName" value="/jsp/commerce/store/GetStoreChildren-AddrCountries.jsp"/>
	</bean>	
	
	<!-- /LOBTools/WebContent/jsp/commerce/store/GetStoreChildren-DdpCountries.jsp -->
	<bean id="/GetStoreChildren-DdpCountries" class="org.springframework.web.servlet.mvc.ParameterizableViewController">
		<property name="viewName" value="/jsp/commerce/store/GetStoreChildren-DdpCountries.jsp"/>
	</bean>
	<!-- /LOBTools/WebContent/jsp/commerce/store/GetStoreChildren-DapCountries.jsp -->
	<bean id="/GetStoreChildren-DapCountries" class="org.springframework.web.servlet.mvc.ParameterizableViewController">
		<property name="viewName" value="/jsp/commerce/store/GetStoreChildren-DapCountries.jsp"/>
	</bean>	
		
	<!-- End Avalara code -->
	
	<!--
		To enable Single Sign On, uncomment the following Logon, Logout and ResolveIdentity controller configurations.
	-->
	<!--
		<bean id="/Logon" class="com.ibm.commerce.foundation.client.lobtools.spring.AuthenticationClientLibraryController">
			<property name="urlObject" value="Person"/>
			<property name="contextParameters">
				<props>
					<prop key="channelId">channelId</prop>
				</props>
			</property>
			<property name="clientLibrary" value="com.ibm.commerce.member.facade.client.MemberFacadeClient"/>
			<property name="clientLibraryMethod" value="authenticatePassword"/>
			<property name="aliasParameters">
				<props>
					<prop key="password">logonPassword</prop>
				</props>
			</property>
			<property name="generateLTPAToken" value="true"/>
			<property name="successView" value="/jsp/commerce/shell/restricted/AuthenticationSuccess.jsp"/>
			<property name="failureView" value="/jsp/commerce/shell/restricted/AuthenticationFailed.jsp"/>
		</bean>
		<bean id="/Logout" class="com.ibm.commerce.foundation.client.lobtools.spring.AuthenticationClientLibraryController">
			<property name="urlObject" value="Person"/>
			<property name="clientLibrary" value="com.ibm.commerce.member.facade.client.MemberFacadeClient"/>
			<property name="clientLibraryMethod" value="logout"/>
			<property name="removeLTPAToken" value="true"/>
			<property name="successView" value="/jsp/commerce/foundation/restricted/Values.jsp"/>
			<property name="failureView" value="/jsp/commerce/shell/restricted/AuthenticationFailed.jsp"/>
		</bean>
		<bean id="/ResolveIdentity" class="com.ibm.commerce.foundation.client.lobtools.spring.AuthenticationClientLibraryController">
			<property name="urlObject" value="Person"/>
			<property name="contextParameters">
				<props>
					<prop key="channelId">channelId</prop>
				</props>
			</property>
			<property name="clientLibrary" value="com.ibm.commerce.member.facade.client.MemberFacadeClient"/>
			<property name="clientLibraryMethod" value="authenticateLTPA"/>
			<property name="successView" value="/jsp/commerce/shell/restricted/ResolveIdentitySuccess.jsp"/>
			<property name="failureView" value="/jsp/commerce/shell/restricted/ResolveIdentityFailed.jsp"/>
		</bean>
	-->
</beans>
