﻿<?xml version="1.0" encoding="UTF-8"?>

<_config:get-data-config xmlns:_config="http://www.ibm.com/xmlns/prod/commerce/foundation/config" xmlns:xsi="http://www.w3.org/2001/XMLSchema-instance" xsi:schemaLocation="http://www.ibm.com/xmlns/prod/commerce/foundation/config ../../xsd/get-data-config.xsd ">
	
	<!-- Without language -->
	<expression-builder>
		<name>findByUniqueID</name>
		<data-type-name>OnlineStore</data-type-name>
		<param>
			<name>accessProfile</name>
			<value>AC_All.IBM_All</value>
		</param>
	</expression-builder>
	<expression-builder>
		<name>findByName</name>
		<data-type-name>OnlineStore</data-type-name>
		<param>
			<name>accessProfile</name>
			<value>AC_All.IBM_All</value>
		</param>
	</expression-builder>
	<expression-builder>
		<name>findAll</name>
		<data-type-name>OnlineStore</data-type-name>
		<param>
			<name>accessProfile</name>
			<value>AC_All.IBM_All</value>
		</param>
	</expression-builder>
	<expression-builder>
		<name>findByRelatedStoreUniqueID</name>
		<data-type-name>OnlineStore</data-type-name>
		<param>
			<name>accessProfile</name>
			<value>AC_All.IBM_All</value>
		</param>
	</expression-builder>	
	
	<!-- With language -->
	<expression-builder>
		<name>findByUniqueIDWithLanguage</name>
		<data-type-name>OnlineStore</data-type-name>
		<param>
			<name>accessProfile</name>
			<value>AC_Admin_All.IBM_Admin_All</value>
		</param>
	</expression-builder>
	<expression-builder>
		<name>findByNameWithLanguage</name>
		<data-type-name>OnlineStore</data-type-name>
		<param>
			<name>accessProfile</name>
			<value>AC_Admin_All.IBM_Admin_All</value>
		</param>
	</expression-builder>
	<expression-builder>
		<name>findAllWithLanguage</name>
		<data-type-name>OnlineStore</data-type-name>
		<param>
			<name>accessProfile</name>
			<value>AC_Admin_All.IBM_Admin_All</value>
		</param>
	</expression-builder>
</_config:get-data-config>
