<?xml version="1.0" encoding="UTF-8"?>

<!--
 =================================================================
  Licensed Materials - Property of IBM

  WebSphere Commerce

  (C) Copyright IBM Corp. 2015 All Rights Reserved.

  US Government Users Restricted Rights - Use, duplication or
  disclosure restricted by GSA ADP Schedule Contract with
  IBM Corp.
 =================================================================
-->

<Definitions>
	<PropertyEditor classDefinition="true" definitionName="cmc/foundation/AvalaraCompanyCodesComboBox">		
		<dependency localName="ComboBox" moduleName="cmc/foundation/ComboBox"/>	
		<dependency localName="EventUtil" moduleName="cmc/foundation/EventUtil"/>
		<dependency localName="ServiceParam" moduleName="cmc/foundation/ServiceParam"/>
		<!---
			@keywords private
			Create the combo box editor for the given property component. This method overrides the createEditor method in
			the cmc/foundation/PropertiesComponent class.
			@param cmc/foundation/PropertiesComponent parentComponent The parent properties component from which to create the editor.
		-->
		<method args="parentComponent" name="createEditor">
			<![CDATA[				
				new ComboBox.Class(parentComponent, {
					name: "editor",
					x: parentComponent.promptWidth + parentComponent.xspacing,
					property: parentComponent.property,
					height:35,
					enabled: parentComponent.enabled				
				});
				this.editor.propValueDel.connect(getAvalaraApiKeyProperty(), 'onvalue');
			]]>
		</method>
		
		<handler name="oninit">
				<![CDATA[				
				    updateCompanyCodePropertyValues();
				    EventUtil.connect(getAvalaraServiceURLProperty(), 'onvalue', this, 'updateCompanyCodePropertyValues');                    			  
				    EventUtil.connect(getAvalaraApiKeyProperty(), 'onvalue', this, 'updateCompanyCodePropertyValues');
				    EventUtil.connect(getAvalaraAuthKeyProperty(), 'onvalue', this, 'updateCompanyCodePropertyValues');
				    EventUtil.connect(this.property.propertyDefinition, 'onvalueServiceComplete', this, 'adjustSelectedValue');				 
				]]>
		</handler>
		
		
		
	   <method name="updateCompanyCodePropertyValues">
		    <![CDATA[
		        getPropertyDefinition().doRefreshOnInit(true);	       		       
		        var avalaraApiKey = new ServiceParam.Class(getAvalaraPropertyValueService(), {
							parameterName: 'avalaraApiKey',
							value: getAvalaraApiKeyProperty().value
				});
				var avalaraLicenseKey = new ServiceParam.Class(getAvalaraPropertyValueService(), {
							parameterName: 'avalaraLicenseKey',
							value: getAvalaraAuthKeyProperty().value
				});
				var avalaraServiceURL = new ServiceParam.Class(getAvalaraPropertyValueService(), {
							parameterName: 'avalaraServiceURL',
							value: getAvalaraServiceURLProperty().value
				});  
		        getAvalaraPropertyValueService().doRequest(this,{		            
		            storeId: this.o.getObjectStoreId()
		        });
		    ]]>
		</method>
		
	   <method name="adjustSelectedValue">
		    <![CDATA[		       	        
		        var originalPropertyValue = this.property.value;
		        var restorePropertyValue = this.property.restoreValue;		       
	            var propertyValues = getPropertyDefinition().getPropertyValues(this.property);
	            var selectedValue = null;
	            if(propertyValues && propertyValues.length > 0) {
	                selectedValue = propertyValues[0];
	                for(var i = 0; i < propertyValues.length; i++) {
	                    var currentProperty = propertyValues[i];
	                    if(currentProperty.value === originalPropertyValue || currentProperty.value === restorePropertyValue) {
	                        selectedValue = currentProperty;
	                        break;
	                    }
	                }
	            }
		        this.editor.selectValue(selectedValue); 
		    ]]>
		</method>
				
		<method name="getAvalaraApiKeyProperty">
		    <![CDATA[
		        return this.parent.accnum.property;
		    ]]>
		</method>
		
		<method name="getAvalaraAuthKeyProperty">
		    <![CDATA[
		        return this.parent.authKey.property;
		    ]]>
		</method>
		
		<method name="getAvalaraServiceURLProperty">
		    <![CDATA[
		        return this.parent.urlToConnect.property;
		    ]]>
		</method>
		
		<method name="getAvalaraPropertyValueService">
		    <![CDATA[
		        return getPropertyDefinition().valueService;
		    ]]>
		</method>
		
		<method name="getPropertyDefinition">
		    <![CDATA[
		        return this.property.propertyDefinition;
		    ]]>
		</method>
	</PropertyEditor>
</Definitions>