<?xml version="1.0" encoding="UTF-8"?>
<Definitions>
    <ObjectGrid classDefinition="true" definitionName="cmc/foundation/BaseAvalaraGrid">
	    <dependency localName="EventUtil" moduleName="cmc/foundation/EventUtil"/>
		<dependency localName="GridFilterSelector" moduleName="cmc/foundation/GridFilterSelector"/>
		<dependency localName="GridExtendedHelpIcon" moduleName="cmc/foundation/GridExtendedHelpIcon"/>
		<dependency localName="EventHandler" moduleName="cmc/foundation/EventHandler"/>
		
		<variable name="filterType" value="${null}"/>
		<variable name="attributePrefix" value="${null}"/>
		<variable name="defaultFilterType" value="'DefaultAvalaraHTSAttributeFilter'"/>
		
		<method args="type" name="set_filterType">
		    <![CDATA[		        
		        this.filterType = type ? type : 'AvalaraHTSAttributeFilter';
		    ]]>
		</method>
		
		<method args="type" name="set_attributePrefix">
		    <![CDATA[
		        		       
		        this.attributePrefix = type ? type : 'hts_avalara_';
		    ]]>
		</method>
		
	    <method args="e" name="oListUpdated">
			<![CDATA[			
			if (typeof(e) == "undefined") e = null;
			if (this.oList) {
				if (this.filters.length > 0) {
					if (this.filterSelector == null) {
						this.filterSelector = new GridFilterSelector.Class(this.filterSelectorArea, {
							name: 'filterSelector',
							grid: this,
							oList: this.oList,
							width: 150							
						});
						if ((this.filterHelpText != null && this.filterHelpText != "") || (this.filterExtendedHelpText != null && this.filterExtendedHelpText != "")) {
							new GridExtendedHelpIcon.Class(this.filterSelectorArea, {
								name: "extendedHelpIcon",
								y: 2,
								grid: this
								
							});
						}			
					}
					else {
						this.filterSelector.setVariable("oList", this.oList);
					}
					
					updateFilterValues(this.filterType,this.attributePrefix);					
					if(1 === this.filters.length) {
					    hideFilterSelector();
					}
					
				}
				if (this.updateIndicesDel) {
					this.updateIndicesDel.disconnectAll();
				}
				else {
					this.updateIndicesDel = new EventHandler.Class(this, "updateIndices");
				}
				this.updateIndicesDel.connect(this.oList, "objectViewsUpdated");
				this.updateIndices();
				this.content.rowparent.selector.setVariable("oList", this.oList);
			}
			]]>
		 </method>	
		
		 <method name="hideFilterSelector">
			<![CDATA[
			    this.filterSelector.setVariable("visible", false);
			]]>
		 </method>
		 
		 <method args="filterType, attributeNamePrefix" name="updateFilterValues">
		      <![CDATA[		          
		            var filtersToUpdate = findAllFiltersByType(this.defaultFilterType);
		            for (var i = 0; i < filtersToUpdate.length; i++) {
					    this.filters[i].setVariable("value", attributeNamePrefix);
					    this.filters[i].setVariable("filterType", filterType);    
					    this.filters[i].setVariable("isExclusive", resolveIsExclusivePropertyByFilterType(filterType).toString());   
                    }                    
                    return filtersToUpdate;			    
			   ]]>
		 </method>
		 
		 <method args="filterType" name="findAllFiltersByType">
		      <![CDATA[
		            var searchResult = [];
		            for (var i = 0; i < this.filters.length; i++) { 
                        if(filterType && filterType === this.filters[i].filterType) {
                            searchResult.push(this.filters[i]);    
                        }
                    }                    
                    return searchResult;
			   ]]>
		 </method>
		 
		 <method args="filterType" name="resolveIsExclusivePropertyByFilterType">
		      <![CDATA[
		            if(filterType) {		               
		                return filterType.startsWith('Exclusive');
		            } else {
		                return false;
		            }			    
			   ]]>
		 </method>
		 
         <AvalaraHTSAttributeFilter
                    filterType='DefaultAvalaraHTSAttributeFilter'  
                    displayName='HTS Codes'                  
                    objectPath='AttributeDictionaryAttributes'
                    propertyName='attributeCode'
                    isDefault='true'/>
	</ObjectGrid>

</Definitions>