<?xml version="1.0" encoding="UTF-8"?>

<Definitions>
     <Filter classDefinition="true" definitionName="cmc/foundation/AvalaraHTSAttributeFilter">
	
		<!---
			This attribute is used to specify the path that is used to locate the property value specified under the propertyName attribute. 
			If specified, the property will be resolved by searching for child objects that match the object path.
			If the value is not provided, the value will be retrieved from the object itself.

			The default value for this attribute is null. 
		-->
		<variable name="objectPath" type="string" value="${null}"/>
		
		<!---
			The name of the property that the object list will be filtered based on. This is a required attribute.
		-->
		<variable name="propertyName" type="string"/>
		
		<!---
			The value of the property that will be matched against the objects. This is a required attribute.
		-->
		<variable name="value" type="string"/>
		
		<variable name="isExclusive" type="string" value="${null}"/>		
				
		<method args="val" name="set_isExclusive">		    
			<![CDATA[			   		
			    this.isExclusive = val ? val : 'false'; 
			]]>
		</method>

		<!---
			@keywords private
			This method check if the specified object matches this filter by seeing if the property of the given object matches
			that required by the filter.
			
			@param cmc/foundation/ModelObject o The object to test. 
			@return boolean Returns true if the object matches the value specified and false otherwise. 
		-->
		
		<method args="o" name="matchesFilter">
			<![CDATA[			
			if (this.value) {
			    if('true' === this.isExclusive) {
			        return !o.getPropertyValue(this.propertyName, this.objectPath).startsWith(this.value);
			    } else {
			        return o.getPropertyValue(this.propertyName, this.objectPath).startsWith(this.value);
			    }
			}
			else {
			    if('true' === this.isExclusive) {
			        return false;
			    } else {
			        return o.getPropertyValue(this.propertyName, this.objectPath);
			    }
			}
			]]>
		</method>
	</Filter>

     
</Definitions>