<?xml version="1.0" encoding="UTF-8"?>

<!--
 =================================================================
  Licensed Materials - Property of IBM

  WebSphere Commerce

  (C) Copyright IBM Corp. 2015 All Rights Reserved.

  US Government Users Restricted Rights - Use, duplication or
  disclosure restricted by GSA ADP Schedule Contract with
  IBM Corp.
 =================================================================
-->
<Definitions>  
    
	<!--- @keywords private -->
	<FocusableBaseButton classDefinition="true" clickable="true" definitionName="cmc/foundation/AvataxTestButton"
			bgcolor="${this.primary ? '#00a6a0' : '#777677'}" fgcolor="#ffffff" fontsize="15"
			opacity="${this._enabled ? null : .65}">
		<dependency localName="Logger" moduleName="cmc/shell/Logger"/>
		<dependency localName="ConfigProperties" moduleName="cmc/shell/ConfigProperties"/>
		<dependency localName="ContextUtil" moduleName="cmc/foundation/ContextUtil"/>
		
		<variable name="minWidth" type="number" value="96"/>

		<variable name="textPaddingSizeX" type="number" value="28"/>

	    <variable name="textPaddingSizeY" type="number" value="8.5"/>

	    <variable name="width" value="74"/>

		<variable name="iconResource" type="string"/>
		
		<variable name="borderColor" type="string" value="${this.bgcolor}"/>
		
		<variable name="primary" type="boolean" value="true"/>

	    <!--
	    	@keywords private
	     -->
	    <variable name="textBottomPaddingShift" type="number" value="1"/>
	    <State active="${this.parent.title.width + this.parent.iconView.width &lt;= this.parent.minWidth - 2 * this.parent.textPaddingSizeX}" name="state0">
	    	<variable name="width" value="${this.minWidth}"/>
	    </State>
		<State active="${this.parent.title.width + this.parent.iconView.width &gt; this.parent.minWidth - 2 * this.parent.textPaddingSizeX}" name="state1">
			<variable name="width" value="${this.iconView.width + this.title.width + 2 * this.textPaddingSizeX}"/>
		</State>

	    <!--- @keywords private -->
	    <variable name="height" value="${this.title.height + 2 * this.textPaddingSizeY + this.textBottomPaddingShift}"/>

	    <!--- @keywords private -->
	    <variable name="doesenter" value="true"/> 
	    
	  	    
		<handler name="onclick">
			<![CDATA[			  
		        var xmlHttp = new XMLHttpRequest();								
				var storeId = this.parent.parent.parent.parent.parent.childNodes[0].childNodes[0].group.storeId.property.value		
				var identityIdContext = ContextUtil.Singleton.findContextValue(null, "identityId");	
				
							
    			xmlHttp.open( "GET", "/lobtools/cmc/AvalaraConnectivityService?storeId=" + storeId + "&identityId=" + encodeURIComponent(identityIdContext.value), true ); // false for synchronous request
    			xmlHttp.onload = (function(context,xmlHttp) {
    				return function(){
					    if (xmlHttp.readyState == 4 && xmlHttp.status == 200) {
	        				var jsonResponse = JSON.parse(xmlHttp.responseText);	        			
	        				context.parent.parent.labelArea.statusLabel.setVariable("text", myFunction(jsonResponse));
	    				}    				    				
    				}
    			})(this, xmlHttp);    			    							
    			xmlHttp.send();    			    			    			
    			   			    			
    			function myFunction(jsonResponse) {
    				var statusMessage = "";				    				
	    			if(jsonResponse.resultCode == 200){	    				
	    				statusMessage="Avalara status: service is working.";
	    				}
	    			else{
	    				statusMessage="Avalara status: service connection not working; verify the correct Account number, Key and Company code have been entered";
	    				console.log("Error code from avalara - " + jsonResponse.resultCode);
	    				}
	    			return statusMessage;
				} 			
			]]>
		</handler>

		<Component bgcolor="${this.classroot.borderColor}" width="1" height="${this.parent.height}"/>
		<Component bgcolor="${this.classroot.borderColor}" width="1" height="${this.parent.height}" x="${this.parent.width - 1}"/>
		<Component bgcolor="${this.classroot.borderColor}" width="${this.parent.width}" height="1"/>
		<Component bgcolor="${this.classroot.borderColor}" width="${this.parent.width}" height="1" y="${this.parent.height - 1}"/>
		<Component name="iconView" valign="middle" x="10">
			<State active="${this.classroot.iconResource}" name="state0"/>
			<Component imageSet="${this.classroot.iconResource}" visible="${this.parent.state0.active}"/>
			<Component visible="${this.parent.state0.active}" width="4"/>
			<AxisLayout axis="x" spacing="0"/>
		</Component>

	    <TextComponent name="title" resize="true" text="${this.parent.text}" x="${((this.parent.width - (this.width + this.parent.iconView.width)) / 2) + this.parent.iconView.width}" y="${this.parent.textPaddingSizeY}"/>
	</FocusableBaseButton>	
</Definitions>