<?xml version="1.0" encoding="UTF-8"?>

<Definitions>
	
	<ObjectGrid definitionName="cmc/store/TaxCountryPropertiesGrid" preferenceKey="stoTaxCountryPropertiesGrid">
		<dependency localName="storeResources" moduleName="cmc/store/StoreResources"/>
		<GridComboBox editable="true" name="taxCountries" propertyName="x_taxcountries" required="true" text="${storeResources.countryLabel}" width="180"/>
	</ObjectGrid>
	
	<ObjectGrid definitionName="cmc/store/AddrCountryPropertiesGrid" preferenceKey="stoAddrCountryPropertiesGrid">
		<dependency localName="storeResources" moduleName="cmc/store/StoreResources"/>
		<GridComboBox editable="true" name="addrCountries" propertyName="x_addrountries" required="true" text="${storeResources.countryLabel}" width="180"/>
	</ObjectGrid>
	
	<ObjectGrid definitionName="cmc/store/DdpCountryPropertiesGrid" preferenceKey="stoDdpCountryPropertiesGrid">
		<dependency localName="storeResources" moduleName="cmc/store/StoreResources"/>
		<GridComboBox editable="true" name="ddpCountries" propertyName="x_ddpcountries" required="true" text="${storeResources.countryLabel}" width="180"/>
	</ObjectGrid>
	
	<ObjectGrid definitionName="cmc/store/DapCountryPropertiesGrid" preferenceKey="stoDapCountryPropertiesGrid">
		<dependency localName="storeResources" moduleName="cmc/store/StoreResources"/>
		<GridComboBox editable="true" name="dapCountries" propertyName="x_dapcountries" required="true" text="${storeResources.countryLabel}" width="180"/>
	</ObjectGrid>	

 	<PropertyPane definitionName="cmc/store/StoreAvataxPropertiesPane">
 		<dependency localName="ExtStoreResources" moduleName="cmc/store/ExtStoreResources"/>
 		<dependency localName="Logger" moduleName="cmc/shell/Logger"/>
		<dependency localName="MessageLogger" moduleName="cmc/shell/MessageLogger"/>
        <dependency localName="ContextUtil" moduleName="cmc/foundation/ContextUtil"/>
                
        
		<PropertyGroup collapsable="true" groupTitle="${ExtStoreResources.avataxProperties_Area1}" name="apGroup1" open="true">
			<PropertyCombobox helpText="${ExtStoreResources.avataxProperties_helpTextUrlToConnect}" name="urlToConnect" propertyName="x_urltoconnect" promptText="${ExtStoreResources.avataxProperties_UrlToConnectLabel}" required="true"/>
			<PropertyInputText helpText="${ExtStoreResources.avataxProperties_helpTextAccount}" name="accnum" propertyName="x_accnum" promptText="${ExtStoreResources.avataxProperties_AccountNumberLabel}" required="true"/>
			<PropertyInputText helpText="${ExtStoreResources.avataxProperties_helpTextAuthKey}" name="authKey"  propertyName="x_authkey" promptText="${ExtStoreResources.avataxProperties_AuthKeyLabel}" required="true"/>
			<AvalaraCompanyCodesComboBox helpText="${ExtStoreResources.avataxProperties_helpTextCompanyCode}" name="companyCode"  propertyName="x_companycode" promptText="${ExtStoreResources.avataxProperties_CompanyCodeLabel}" required="true"/>
			<PropertyCheckbox helpText="${ExtStoreResources.avataxProperties_helpTextVatID}" name="customerVatId" propertyName="x_customervatid" promptText="${ExtStoreResources.avataxProperties_CustomerVatIdEnabled}" falseValue="0" trueValue="1"/>
			<PropertyCheckbox helpText="${ExtStoreResources.avataxProperties_helpTextPriceContainTaxes}" name="pricecontainstaxes" propertyName="x_pricecontainstaxes" promptText="${ExtStoreResources.avataxProperties_PriceContainTaxes}" falseValue="0" trueValue="1"/>
			<PropertyCheckbox helpText="${ExtStoreResources.avataxProperties_helpTextOrderItemTaxesDisplay}" name="orderItemTaxexDisplayed" propertyName="x_oitaxesdisplayed" promptText="${ExtStoreResources.avataxProperties_OrderItemTaxesDisplayed}" falseValue="0" trueValue="1"/>
			<PropertyInputText helpText="${ExtStoreResources.avataxProperties_helpTextTaxCodeIdentifier}" name="taxcodeidentifier"  propertyName="x_taxcodeidentifier" promptText="${ExtStoreResources.avataxProperties_taxCodeIdentifier}" />
		</PropertyGroup>
		<PropertyGroup  collapsable="true" groupTitle="${ExtStoreResources.avataxProperties_Area2}" name="apGroup2" open="false">
			<PropertyCombobox name="taxCalculation" propertyName="x_taxcalculationmode" promptText="${ExtStoreResources.avataxProperties_TaxCalculationModeLabel}" falseValue="0" trueValue="1"/>
			<PropertyCombobox name="behaviorOnError" propertyName="x_behavioronerror" promptText="${ExtStoreResources.avataxProperties_BehaviorOnErrorLabel}"/>
			<PropertyInputText name="defTax" propertyName="x_defaulttax" promptText="${ExtStoreResources.avataxProperties_DefaultTaxRateLabel}" required="true"/>
			<PropertyChildListEditor hideEditColumnAction="false" listDefinition="cmc/store/TaxCountryPropertiesGrid" name="taxCountries" objectTypes="TaxCountry" promptText="${ExtStoreResources.avataxProperties_SupportedCountries}"/>						
		</PropertyGroup>
		<PropertyGroup  collapsable="true" groupTitle="${ExtStoreResources.avataxProperties_Area3}" name="apGroup3" open="false">
			<PropertyListCheckbox name="addrvalidationplaces" propertyName="x_addrvalidationplaces" promptText="Validate address on:" />
			<PropertyChildListEditor hideEditColumnAction="false" listDefinition="cmc/store/AddrCountryPropertiesGrid" name="addrOuntries" objectTypes="AddrCountry" promptText="${ExtStoreResources.avataxProperties_SupportedCountries}"/>						
		</PropertyGroup>
		<PropertyGroup  collapsable="true" groupTitle="${ExtStoreResources.avataxProperties_Area4}" name="apGroup4" open="false">
			<PropertyCheckbox name="transactionLogging" propertyName="x_transactionlogging" promptText="${ExtStoreResources.avataxProperties_TransactionLoggingLabel}"  falseValue="0" trueValue="1"/>
			<PropertyGroup  collapsable="false" name="x_loggingProperties">
				<EnablementCondition conditionId="x_loggingPropertiesConditionId" enablementValue="1" propertyName="x_transactionlogging"/>
				<PropertyInputText name="transactonLoggingKeepHours" propertyName="x_translogkeephours" promptText="${ExtStoreResources.avataxProperties_TransactionLoggingKeepHours}" required="true"/>
				<PropertyListCheckbox name="requestTypes" propertyName="x_logrequesttypes" promptText="${ExtStoreResources.avataxProperties_LogRequests}" />
			</PropertyGroup>
		</PropertyGroup>
		<PropertyGroup  collapsable="true" groupTitle="${ExtStoreResources.avataxProperties_Area5}" name="apGroup5" open="false">									
			<Component name="labelArea">
				<TextComponent text="Avalara status: press Test button to check" width="800" name="statusLabel"/>
			</Component>			
			<Component name="buttonArea">
 				<AvataxTestButton text="${ExtStoreResources.avataxProperties_testButtonText}"/>
 			</Component>
		</PropertyGroup>
	</PropertyPane>
	
 
</Definitions>