<?xml version="1.0" encoding="UTF-8"?>
<!--
 =================================================================
  Licensed Materials - Property of IBM

  WebSphere Commerce

  (C) Copyright IBM Corp. 2015 All Rights Reserved.

  US Government Users Restricted Rights - Use, duplication or
  disclosure restricted by GSA ADP Schedule Contract with
  IBM Corp.
 =================================================================
-->
<Definitions>
	<ObjectProperties definitionName="cmc/marketing/CustomerSegmentDetailsProperties">
		<dependency localName="marketingResources" moduleName="cmc/marketing/MarketingResources"/>
		<!--  Begin Avalara code -->
 		<dependency localName="ExtStoreResources" moduleName="cmc/store/ExtStoreResources"/>
		<!--  End Avalara code -->
		
		<PropertyTabs name="tabs">
			<PropertyTabPane name="generalTab" text="${marketingResources.csPropertiesTab}">
				<PropertyPane>
					<PropertyGroup baseDefinition="cmc/foundation/PropertyAssetInformationGroup" name="attrAssetGroup"/>
					<PropertyGroup groupTitle="${marketingResources.csPropertiesTab}" hideHeaderWhenOnlyGroup="true" name="group" open="true">
						<PropertyInputText helpText="${marketingResources.help_customerSegment_name}" promptText="${marketingResources.objectName}" propertyName="name" required="true"/>
						<!--- The collection reference list editor for a list of {@link CustomerSegmentFolder Customer Segment folder} which are associated with a {@link CustomerSegment Customer Segment} -->
						<CollectionListEditor listDefinition="cmc/marketing/CustomerSegmentFolderReferenceGrid" name="mktCustomerSegmentFolderReferenceList" objectTypes="CustomerSegmentFolder,InheritedCustomerSegmentFolder" promptText="${marketingResources.CustomerSegmentFolderReferences}"/>
						<PropertyInputMultiLineText objectPath="CustomerSegmentDescription" promptText="${marketingResources.description}" propertyName="longDescription"/>
						<PropertyGroup baseDefinition="cmc/marketing/PopulateMarketingProperties"/>
					</PropertyGroup>
				</PropertyPane>
			</PropertyTabPane>
			<PropertyTabPane name="customerTab" text="${marketingResources.csCustomerTab}">
				<PropertyPane>
					<PropertyGroup collapsable="false" displayGrouping="true" name="csCustomerGroup">
						<PropertyGroup baseDefinition="cmc/marketing/TargetCustomerSegmentProperties"/>
						<PropertyGroup baseDefinition="cmc/marketing/TargetCustomer"/>
					</PropertyGroup>
				</PropertyPane>
			</PropertyTabPane>
			<PropertyTabPane name="regTab" text="${marketingResources.csRegistrationTab}">
				<PropertyPane>
					<PropertyGroup collapsable="false" displayGrouping="true" name="regGroup">
						<PropertyGroup baseDefinition="cmc/marketing/RegistrationStatusProperties"/>
						<PropertyGroup baseDefinition="cmc/marketing/RegistrationDateProperties"/>
						<PropertyGroup baseDefinition="cmc/marketing/LastRegUpdateProperties"/>
					</PropertyGroup>
				</PropertyPane>
			</PropertyTabPane>
			<PropertyTabPane name="demoTab" text="${marketingResources.csDemographicsTab}">
				<PropertyPane>
					<PropertyGroup collapsable="false" displayGrouping="true" name="demoGroup">
						<PropertyGroup baseDefinition="cmc/marketing/GenderProperties"/>
						<PropertyGroup baseDefinition="cmc/marketing/CurrentAgeProperties"/>
						<PropertyGroup baseDefinition="cmc/marketing/AgeGroupProperties"/>
						<PropertyGroup baseDefinition="cmc/marketing/IncomeGroupProperties"/>
						<PropertyGroup baseDefinition="cmc/marketing/MaritalStatusProperties"/>
						<PropertyGroup baseDefinition="cmc/marketing/ChildrenProperties"/>
						<PropertyGroup baseDefinition="cmc/marketing/HouseholdProperties"/>
					</PropertyGroup>
				</PropertyPane>
			</PropertyTabPane>
			<PropertyTabPane name="addressTab" text="${marketingResources.csAddressTab}">
				<PropertyPane>
					<PropertyGroup collapsable="false" displayGrouping="true" name="addressGroup">
						<PropertyGroup baseDefinition="cmc/marketing/CityProperties"/>
						<PropertyGroup baseDefinition="cmc/marketing/StateProvinceProperties"/>
						<PropertyGroup baseDefinition="cmc/marketing/CountryRegionProperties"/>
						<PropertyGroup baseDefinition="cmc/marketing/ZipCodeProperties"/>
						<PropertyGroup baseDefinition="cmc/marketing/PhoneNumberProperties"/>
						<PropertyGroup baseDefinition="cmc/marketing/EmailProperties"/>
					</PropertyGroup>
				</PropertyPane>
			</PropertyTabPane>
			<PropertyTabPane name="purchaseDetailsTab" text="${marketingResources.csPurchaseDetailsTab}">
				<PropertyPane>
					<PropertyGroup collapsable="false" displayGrouping="true" name="purchaseDetailsGroup">
						<PropertyGroup baseDefinition="cmc/marketing/AmountSpentProperties"/>
						<PropertyGroup baseDefinition="cmc/marketing/OrderFulfilledProperties"/>
						<PropertyGroup baseDefinition="cmc/marketing/LastPurchaseDateProperties"/>
					</PropertyGroup>
				</PropertyPane>
			</PropertyTabPane>
			<PropertyTabPane name="miscTab" text="${marketingResources.csMiscellaneousTab}">
				<PropertyPane>
					<PropertyGroup collapsable="false" displayGrouping="true" name="miscGroup">
						<PropertyGroup baseDefinition="cmc/marketing/LastVisitDateProperties"/>
						<PropertyGroup baseDefinition="cmc/marketing/JobFunctionProperties"/>
						<PropertyGroup baseDefinition="cmc/marketing/InterestsProperties"/>
						<PropertyGroup baseDefinition="cmc/marketing/CompanyNameProperties"/>
						<PropertyGroup baseDefinition="cmc/marketing/CurrencyProperties"/>
						<PropertyGroup baseDefinition="cmc/marketing/LanguageProperties"/>
						<PropertyGroup baseDefinition="cmc/marketing/ComMethodProperties"/>
					</PropertyGroup>
				</PropertyPane>
			</PropertyTabPane>
			<PropertyTabPane name="accountTab" text="${marketingResources.csAccountTab}">
				<EnablementOrCondition conditionId="storeTypeCondition">
					<EnablementCondition conditionId="c1" contextName="storeType" enablementValue="B2B"/>
					<EnablementCondition conditionId="c2" contextName="storeType" enablementValue="BBB"/>
					<EnablementCondition conditionId="c3" contextName="storeType" enablementValue="BRH"/>
					<EnablementCondition conditionId="c4" contextName="storeType" enablementValue="BRP"/>
					<EnablementCondition conditionId="c5" contextName="storeType" enablementValue="BMH"/>
					<EnablementCondition conditionId="c6" contextName="storeType" enablementValue="BMP"/>
					<EnablementCondition conditionId="c7" contextName="storeType" enablementValue="CHS"/>
					<EnablementCondition conditionId="c8" contextName="storeType" enablementValue="CPS"/>
					<EnablementCondition conditionId="c9" contextName="storeType" enablementValue="DPS"/>
					<EnablementCondition conditionId="c10" contextName="storeType" enablementValue="DPX"/>
					<EnablementCondition conditionId="c11" contextName="storeType" enablementValue="SCP"/>
					<EnablementCondition conditionId="c12" contextName="storeType" enablementValue="SPS"/>
					<EnablementCondition conditionId="c13" contextName="storeType" enablementValue="SHS"/>
					<EnablementCondition conditionId="c14" contextName="storeType" enablementValue="HCP"/>
					<EnablementCondition conditionId="c15" contextName="storeType" enablementValue="PBS"/>
					<EnablementCondition conditionId="c16" contextName="storeType" enablementValue="SCS"/>
				</EnablementOrCondition>
				<PropertyPane>
					<PropertyGroup collapsable="false" displayGrouping="true" name="accountGroup">
						<PropertyGroup baseDefinition="cmc/marketing/TargetBusinessAccountProperties"/>
						<PropertyGroup baseDefinition="cmc/marketing/AcctSizeProperties"/>
						<PropertyGroup baseDefinition="cmc/marketing/AcctLocationProperties"/>
						<PropertyGroup baseDefinition="cmc/marketing/AcctCountryProperties"/>
						<PropertyGroup baseDefinition="cmc/marketing/AcctIndustryProperties"/>
						<PropertyGroup baseDefinition="cmc/marketing/AcctBusinessProperties"/>
						<PropertyGroup baseDefinition="cmc/marketing/AcctAmountSpentProperties"/>
					</PropertyGroup>
				</PropertyPane>
			</PropertyTabPane>
			<!--  This property tab pane displays the references of a Customer Segment -->
			<PropertyTabPane name="mktCustomerSegmentReferencesTabPane" text="${marketingResources.references}">
				<PropertyPane name="mktCustomerSegmentReferencesPane">
					<PropertyGroup collapsable="false" name="marketingActivityReferenceGroup">
						<!--- This reference list is used to show a list of {@link WebActivity Web Activities}, {@link DialogActivity Dialog Activities}, and {@link EmailActivity E-mail Activities} which are associated with a {@link CustomerSegment Customer Segment}. -->
						<PropertyReferenceList listDefinition="cmc/marketing/MarketingActivityReferenceGrid" name="mktMarketingActivityReferenceList" promptText="${marketingResources.activities}" referenceObjectPaths="*/ChildCustomerSegment,*/ChildInheritedCustomerSegment"/>
					</PropertyGroup>
					<PropertyGroup collapsable="false" name="promotionReferenceGroup">
						<!--- This reference list is used to show a list of {@link Promotion Promotions} which are associated with a {@link CustomerSegment Customer Segment}. -->
						<PropertyReferenceList listDefinition="cmc/marketing/PromotionReferenceGrid" name="mktPromotionReferenceList" promptText="${marketingResources.promotions}" referenceObjectPaths="*/Identifier_MemberGroup,*/Identifier_InheritedMemberGroup"/>
					</PropertyGroup>
				</PropertyPane>
			</PropertyTabPane>
		<!--  Begin Avalara code -->
			<PropertyTabPane name="avataxCustomerSegmentTab" text="${ExtStoreResources.avataxCustomerSegment_TabHeader}">
				<PropertyPane baseDefinition="cmc/marketing/AvataxCustomerSegmentConfPane"/>
			</PropertyTabPane>
 		<!--  End Avalara code -->
 	
		</PropertyTabs>
	</ObjectProperties>

	<!---
		This grid displays the contents and characteristics of a list of {@link CustomerSegmentFolder Customer Segment folder}. This grid is used
		by the CollectionListEditor on the main properties page.
	-->
	<ObjectGrid definitionName="cmc/marketing/CustomerSegmentFolderReferenceGrid" preferenceKey="mktCustomerSegmentFolderReferenceGrid">
		<dependency localName="marketingResources" moduleName="cmc/marketing/MarketingResources"/>
		<GridIconTypeImage name="type" propertyName="" required="true" text="${marketingResources.CustomerSegmentFolderType}" width="60"/>
		<GridStoreName name="store" propertyName="objectStoreId" text="${marketingResources.CustomerSegmentFolderStore}" width="125"/>
		<GridText datatype="number" editable="false" name="uniqueID" propertyName="folderId" text="${marketingResources.CustomerSegmentFolderList_uniqueID}" visible="false" width="100"/>
		<GridText editable="false" name="folderName" propertyName="identifier" required="true" text="${marketingResources.CustomerSegmentFolderList_identifier}" visible="true" width="150"/>
		<GridText editable="false" name="description" propertyName="description" text="${marketingResources.CustomerSegmentFolderList_description}" visible="false" width="250"/>
		<GridText editable="false" name="path" propertyName="path" text="${marketingResources.CustomerSegmentFolderList_path}" visible="true" width="250"/>
	</ObjectGrid>
</Definitions>